comboSku,name,comboWeight,products
K-1054,Katyayani Wheat Protection Kit (50-60 days)- Emathio(250 GM)+ Prodizole(250 ML) + Triacontanol(250 ML),0.55,"K-388,K-58"
K-5699,"Katyayani paddy PROTECTION COMBO ( 90 TO 95 DAYS) NPK 00 52 34 (970 gm x 1) ,TEBUSUL (500 gm x 1), BPH + (150 gm x1)",0.495,"K-409,K-489,K-5835"
K-5951,"Katyayani chillie bodyguard kit - (bhannat 250ml , catalyser 200ml , nashak 200 gm)",0.55,"K-403,K-204"
K-5955,"Katyayani Mango Healthy Flowering Kit (Boron 20 1KG (400g x 3)), 13:00:45 3 KG , Thioxam 250gms , Samartha 2KG",5.61,"K-105,K-6358,K-5567,K-166,K-06,K-256,K-470"
K-5906,Katyayani Special growth combo one (Nutritious ( Triacontanol 0.1% EW) 200ml + Seaweed Extract liquid fertilizer) 1 lit,16.082,"K-5810,K-165,K-5908,K-5649,K-5907,K-5642"
K-5693,Katyayani Hydroponics Micronutrient Combo EDTA 60 GM (60 GM x 1) +Epsom Salt 530 GM (530 GM x 1) + Manganese EDTA 150 GM (150 GM x 1)+Zinc EDTA 235 GM (235 GM x 1) + Boron EDTA 30 GM (30GM x 1) + Copper EDTA + Molybdenum 70 GM (70 GM x 1),1.265,"K-24,K-336,K-30"
K-5705,Katyayani Wheat Badhat Kit - Growth (0-15 Days),0.46,"K-612,K-669,K-30"
K-5340,Katyayani Fungus Protection for Plants Trichoderma Harzianum Biofungicide (1L) + All in One (100gm),1.155,"K-24,K-58"
K-5342,Katyayani NPK 19 19 19 1000gm + GIBBERELLIC ACID 250ml,3.41,"K-1107,K-5645,K-1115,K-166"
K-5944,Katyayani npk 20 20 20 460gm + SEAWEED 250ml,1.21,"K-5151,K-442"
K-5343,Katyayani RHIZOBIUM ( 1l ) + SEAWEED ( 250ML ),1.375,"K-40,K-52"
K-5346,"Katyayani Flowering boooster kit (Bhannat)250 ML,(Bio NPK Consortiaa) 1 KG,(pseudomonas)1 KG",0.385,"K-52,K-65"
K-1119,"Katyayani Overall Pest Protection kit (Neem oil)100ml,(VBM)1KG,(Anti Virus)250ml",0.627,"K-39,K-203"
G-461,"Katyayani Flowering boooster kit (Flower booster)250 ML,(Humic Fluvic)400 GM,(Phosphate Solubilising Bacteria)1 L",0.019,"G-685,G-686,G-687,G-688,G-689,G-690,G-691,G-692,G-693,G-694,G-695,G-696,G-697,G-698,G-699,G-700,G-701,G-702,G-703"
K-933,Katyayani Climber Kit -French Bean ( 10 Gm ) + Zucchini ( Squash ) ( 10 Gm ) + Malabar Spinach (10 Gm ) + White Cucumber (10 Gm ),2.8732,"K-865,K-867,K-869,K-5080,K-871,K-5302,K-5305,K-5303,K-5301,K-5311"
K-1404,Katyayani Flowering Booster 250ml + Mix Micro 2gm,0.2772,#N/A
G-495,Katyayani Npk 20 20 20 with 2 sample mix micronutrients and organic humic acid,2.2,"K-101,K-105"
G-504,"Katyayani paddy PROTECTION COMBO (0 DAYS BEFORE) PROM (50 kg x 2),ORGANIC POTASH (25 kg x2), ZINC SULPHATE MONOHYDRATE (1kg x 5)",5.875,"K-5658,K-1194,G-19"
K-6132,"Katyayani High Yield Enhancer Combo - NPK 00 52 34: 1 Kg, Boron 20% EDTA: 200 gms",25.96,"K-09,K-6130,K-6129"
K-6399,Katyayani Whitefly Defense Combo (Pyron 250ml X 2 + apocalypse 100gm),1.32,"K-6227,K-5908"
K-6428,Katyayani Whitefly Defense Combo (Pyron 250ml X 2 + apocalypse 100gm),9.9,"K-6432,K-5806"
K-6445,Katyayani Mites Free Crop Combo (Ozil 250ml X 1 + K- mite 250 ml),6.6,"K-5416,K-416"
K-6446,Katyayani Mites Free Crop Combo (Ozil 250ml X 1 + K- mite 250 ml),0.55,"K-5545,K-5582"
K-6448,Katyayani Borer Defend combo (Ema 19 250ml + K indox 100 ml),2.75,"K-5545,K-5582"
K-6449,Katyayani Borer Defend combo (Ema 19 250ml + K indox 100 ml),5.5,"K-5545,K-5582"
K-6450,Katyayani Borer Defend combo (Ema 19 250ml + K indox 100 ml),0.55,"K-6473,K-6144"
K-6456,Katyayani No Virus Crop Combo (ANTIVURUS 250ml X 2 + THIOXAM 50gm/pouch),1.925,"K-5280,K-5770"
K-6461,"Katyayani No Virus Combo | Special for Moong, chilli , tomato (ANTIVURUS 250ml X 2 + PYRON 250ml X 2)",22,"K-458,K-252"
K-6463,Katyayani Yield Guard Combo (bloom booster [Homobrassinolide 0.04 %] 100ml + finish it 100 ml),1.815,"K-5564,K-6474"
K-6464,Katyayani Yield Guard Combo (bloom booster [Homobrassinolide 0.04 %] 100ml + finish it 100 ml),3.025,"K-5564,K-6474"
K-6465,Katyayani Yield Guard Combo (bloom booster [Homobrassinolide 0.04 %] 100ml + finish it 100 ml),6.05,"K-5564,K-6474"
K-6466,Katyayani Yield Guard Combo (bloom booster [Homobrassinolide 0.04 %] 100ml + finish it 100 ml),1.1,"K-5564,K-5416"
K-6467,"Katyayani Paddy Crop all in one Kit ( Humic + Fulvic Acid 800gm x 2 + Bhumiraja 4kg x 1 + IMD 17.8 250ml x 1 + All-in-One Fungicide 100gm x 1 + NPK 12:61:00 1kg x 1 + Emathio 250gm x 1 + Tricontonal 100ml x 1 + Finish It 100ml x 1 + BPH Super 150gm x 1 + Azozole 250ml x 1 + Kmycin 6gm x 4 + Mix Micronutrients 100gm x 1
+ BPH Super + 134gm x 1 + Prodizole 250ml x 1 + Joker 40gm x 1 )",3.3,"K-5564,K-5416"
K-6486,Katyayani COMBO (HUMIC + FULVIC ACID 800gm X1 + NPK 20 20 20 1kg X1 + SEAWEED LIQUID 250ml X1,0.66,"K-65,K-409"
K-6487,Katyayani COMBO (COMPOST ACTIVATOR 1lit x1 + NPK 19 19 19 1kgx1 + SEAWEED EXTRACT LIQUID 250ml x1),0.22,"K-65,K-409"
K-6589,Katyayani Ph Down and Ph Up 1800 ML(Ph Down 1800 ML+ Ph Up 1800 ML ),2.475,"K-101,K-40,K-5645"
K-6591,Katyayani Tulsi (Holy Basil) Grow it yourself kit (Tulsi Seeds (Holy Basil)_Herb seeds 100 gm + Mix micronutrient 100 gm + Vermicompost 950 x 2 + Humic+FULVIC 250 gm + compost activator 100 ml ),3.96,"K-5831,K-5224,K-6054"
K-6624,Katyayani COMBO(VERMICOMPOST 950gmx2 +DAHLIA SEEDS 100gm + NPK 19 19 19 1kgx2),0.06,"G-05,G-14,G-16,G-18,G-20,G-22"
K-6598,Katyayani Leafy Veggie Seed COMBO ( cabbage seeds 1500-1600 seed + spinach seeds 100 gm + cucumber (khira) seeds 100 seed),1.99,"K-24,G-14,K-5831"
K-6599,Katyayani Bloom & Heal Seed Combo ( dahlia 10 gm + tulsi seeds 10 gm),3.29,"K-02,G-21,K-6241"
K-6645,Katyayani Triple Plant Power COMBO ( 3 in 1 250 ml + Calcium Nitrate 1 kg + Seaweed Extract Liquid 250 ml ),1.2,"G-264,K-1134"
K-6663,Katyayani Plant Growth( Humic acid 800 gm + Epsom salt 1 kg + Zinc edta 12 % 450 gm + Manganese Sulphate 500 gm ),3.345,"G-104,K-1134,K-5422"
K-6648,Katyayani LAWN CARE COMBO(EPSOM SALT 950gm x1 + IRON edta 450gm + NPK 20 20 20 1kgx1),0.02,"G-05,G-263"
K-6653,Katyayani Sugarcane Yield Enhancer Combo (Seaweed Extract - 250ml +Mix Micro - 100gm +Gibberelic Acid - 250ml +Npk 00 52 34 - 1kg),0.66,"K-6659,K-219,K-409"
K-6832,Katyayani Chilli Thrips All-Round Protection Combo - Outburst 17 ml X 2 + All-in-One 100 gm X 1 + Mix Micro 100 gm X 1,0.385,"K-181,K-141"
K-6837,Katyayani Chilli Crop Flowering Combo - Bloom Booster 100 ml X 1 + 00-52-34 1 kg X 1 + Mix Micronutrient 100 gm X 1,0.88,"K-402,K-5565,K-52"
K-6840,Katyayani Chana Unnati Soil Kit - Trichoderma Viride Bio Fungicide Powder 1 kg x 2 + bhumiraja 4 kg  x1 + vasistha 2.5 kg x1 + mix micro 200 gm x1,2.31,"K-256,K-240,K-30"
K-6844,Katyayani Makka Unnati Soil Kit - NPK Consortia 1 kg x 2 + Trichoderma Viride Bio Fungicide Powder 1 kg x 2 + bhumiraja 4 kg  x1 + vasistha 2.5 kg x1 + mix micro 200 gm x1,1.32,"K-65,K-6227,K-06"
K-6860,Katyayani Brinjal Unnati Soil Kit - NPK Consortia 1 kg x 2 + Trichoderma Viride Bio Fungicide Powder 1 kg x 2 + bhumiraja 4 kg  x1 + vasistha 2.5 kg x1 + mix micro 200 gm x1 + Calcium Nitrate 1 kg x 5,9.57,"K-6893,K-5680,K-5592,K-1171"
K-6861,Katyayani Tomato Unnati Soil Kit - NPK Consortia 1 kg x 2 + Trichoderma Viride Bio Fungicide Powder 1 kg x 2 + bhumiraja 4 kg  x1 + vasistha 2.5 kg x1 + mix micro 200 gm x1 + Calcium Nitrate 1 kg x 5,9.57,"K-6893,K-5680,K-5592,K-1171"
K-6865,Katyayani Chana Unnati Organic Kit - Trichoderma Viride Bio Fungicide Powder 1 kg x 2 + bhumiraja 4 kg  x1 + Metarhizium Anisopliae Bio Insecticide Powder 1 kg x 2 +  Humic 1 kg x2,11.77,"K-6892,K-6893,K-5680,K-5592,K-1171"
K-6872,Katyayani Tomato Unnati Organic Kit - NPK Consortia 1 kg x 2 + Trichoderma Viride Bio Fungicide Powder 1 kg x 2 + bhumiraja 4 kg  x1 + Metarhizium Anisopliae Bio Insecticide Powder 1 kg x 2 +  Humic 1 kg x2 + Calcium Solubilizing bacteria  1 Ltr x 2,11,"K-6893,K-5680,K-6894,K-6902"
K-6873,Katyayani Mustard Unnati Organic Kit - NPK Consortia 1 kg x 2 + Trichoderma Viride Bio Fungicide Powder 1 kg x 2 + bhumiraja 4 kg  x1 + Metarhizium Anisopliae Bio Insecticide Powder 1 kg x 2 +  Humic 1 kg x 2 + Sulphur & Iron Bacteria (CSB) 1 ltr x 2,15.4,"K-6892,K-6893,K-5680,K-6894,K-6902,K-6900"
K-6875,Katyayani Matar Unnati Drip Kit - Trichoderma viride  1 Ltr x 2 + K-Raja 100  gm x1 + Metarhizium Anisopliae liquid  1 Ltr x 2 + Seaweed Extract liquid 1 ltr x1,15.4,"K-6892,K-6893,K-5680,K-6894,K-6902,K-6900"
K-6880,Katyayani Chilli Unnati Drip Kit - Liquid Consortia - Bio NPK  1 Ltr x 2 + Trichoderma viride  1 Ltr x 2 + K-Raja 100  gm x1 + Metarhizium Anisopliae liquid  1 Ltr x 2 + Seaweed Extract liquid 1 ltr x1 + mix micro 200 gm x1 Calcium Solubilizing bacteria  1 Ltr x 2,15.4,"K-6892,K-6893,K-5680,K-6894,K-6902,K-6901"
K-6983,Katyayani White fly High protection combo -  Ashwamedth 250 gm + anti virus 250ml X2,1.485,"K-40,K-06,K-5645"
K-6986,Katyayani Sugarcane - SugarCane growth combo – (Pro Grow 250ml x1 + Mix Micro 100gm x1),0.22,"K-5803,K-06"
K-7043,Katyayani All Vegetable Disease and Yield Kit  DrZole 250 ML  x 1+ Nutritious 250 ML x 1,1.32,"K-24,K-986"
K-7044,Katyayani Lemar -Tembotrione 42% SC (34.4% w/w) 115ml  + Surfactant 400ml,2.2,"K-6054,K-986"
K-7061,Katyayani Mosaic virus Combo-  NASHAK - 100GM x1 + MIX Micro nutrients - 100GM x 1 + ANTIVIRUS -  250ML x2,7.725,"K-5187,K-6002"
K-7201,Katyayani Chilli Pest & Disease control Kit chakrawarti  100ml x 1 + Samartha 400gm x 1 + seaweed liquid 250ml x 1,0.352,"K-1266,K-176,K-577"
K-7243,Katyayani Chilli quality production Kit  NPK 00 00 50 1kg x 1 + Bhannaat 250ml x 1 + Mix micronutrient 100gm x 1,0.275,"K-402,K-65,K-06"
K-7245,Katyayani MANGO SURAKSHA KIT - POWDERY MILDEW  COC 50 450gm x 2 + FIX IT 250 ML x 1 + +Catalyser 250 ML x 1,0.187,"K-1266,K-176,K-06"
K-7248,Katyayani MANGO FRUIT NUTRI KIT  FIX IT - Alpha Naphthyl Acetic Acid 4.5 % SL 250 ML x 1 + CALSOL+ (Calcium 11% sc ) 1 L x 1  +  zinc edta 12 % 470 gm x 1  + YieldBor (Boron 10% sc) 1 L x 1 +NPK 00 00 50 1 kg x 2 +  Magnesium Sulfate / Epsom salt 950gmx1 +  Mix micronutrient 100gm x 3,0.8624,"K-6041,K-5565,K-58"
K-7249,Katyayani PADDY DISEASE CONTROL KIT ( ZINC SULPHATE 33%1kg x 5 + Prodifen 250ml x 1 + Azozole 250ml x 1 + zinc edta 12 %100gm x 1,0.825,"K-5774,K-5861,K-58"
K-7253,Katyayani Fruit Fly Control Combo (Mal 50 - 250 ml x 1  + Bhannat   250 ml x 1 +Catalyser   100 ml x 1 ),1.1,"K-389,K-130,K-31"
K-7256,Katyayani Fasal Mitash Badawar Combo Npk 00:00:50 - 1 kg x 1 + Mix Micronutrient - 100 gm x 1  ),6.16,"K-5542,K-501,K-489,K-5907"
K-7269,Katyayani Flowering Booster 1L (250ml x 4) + Mix Micro  (10gm x 1),0.935,"K-987,K-5568,K-6723"
K-5968,Katyayani Green Gram Crop Super Combo Pack (For 1 Acre) [ Katyayani Gibberellic Acid 0.001 % L + Emamectin benzoate 3 % + thiamethoxam 12 % WG + Azoxystrobin 18.2 % + difenoconazole 11.4 % SC ] Enhances Crop Yield - Pack of 3,1.21,"K-6274,K-158"
K-1060,Katyayani Sugarcane Crop Super Combo Pack (For 1 Acre) Hexaconazol + Zinc edta with Mix micronutrient - Pack of 3,1.595,#N/A
K-5691,Katyayani chilli Protection + Growth Kit (80-100 days)(vegitative)-(mix micronutrients(100 gm) +npk 13:00:45(470 gm)+ seaweed extract(500 ml)),3.52,"K-6567,K-1150,K-577"
K-5701,"Katyayani paddy PROTECTION COMBO 45 TO 50 DAYS NPK 13 00 45 (970 gm),MIX MICO NUTRIENT (100 gm x 1), BORON (400 gm x 1)",2.2,"K-344,K-5867,K-6565"
K-5954,"Katyayani paddy PROTECTION COMBO (0 DAYS BEFORE) PROM (50 kg x 2),ORGANIC POTASH (), ZINC SULPHATE MONOHYDRATE (1kg x 4)",1.32,"K-5754,K-5475"
K-5964,Katyayani Chickpea Crop Super Combo Pack [Thiamethoxam 25 % wg (250gm x 1) + Metalaxyl 8 % + Mancozeb 64 % wp (400gm x 1) ],0.385,"K-495,K-416"
K-5341,"Katyayani Gardening combo small ( Bio NPK Consortia. - 1 lit ,cow Dung maure 1.9kg , Sea weed Extract - 500ml , Neem oil Extracts - 400ml , all in organic fugicide-100gms.)",2.09,"K-1115,K-166"
K-5316,Katyayani Chickpea Suraksha Kit - Pod Borer (30-90 days),1.21,"K-5645,K-217,K-443"
K-5431,Katyayani Chickpea Badhat Kit - Flowering (35-50 days),0.55,"K-58,K-19"
K-5450,Katyayani super combo Seaweed Extract 250g x 1 & NPK 19-19-19 470g x 1,1.98,"K-984,K-982"
K-5698,Katyayani All Crop Ultimate Combo Pack (For 1 Acre)[Seaweed Extract + Chlorpyriphos 10 % GR + Mancozeb 75 % WP] Enhance Crop Yield - Pack of 3,1.21,"K-5709,K-152,K-5227"
K-5943,Katyayani NPK 19 19 19 940gm + BOOSTER 200ml,1.21,"K-5155,K-217"
K-5339,Katyayani POTASH SOLUBULIZING BACTERIA  1 ltr I +Potash Mobilizing Bacteria + Azotobacter spp,0.781,"K-09,K-58"
K-5860,"Katyayani 10 Heirloom Vegetable Seed Varieties: Beans (Provider) - 25+ seeds, Beet Seeds, Carrots (Nantes) - 2500+ seeds, Cucumber (SpaceMaster) - 20+ seeds, Kale (Dwarf Green Curled) - 250+ seeds, Lettuce (Black Seeded Simpson) - 2500+ seeds, Peas (Sugar Anne) - 40+ seeds, Peppers (Early California Wonder) - 25+ seeds, Spinach (Bloomsdale Longstanding) - 225+ seeds, Tomato (Scotia) - 20-40 seeds, Zucchini (Black Beauty) - 12+ seeds",3.3,"K-85,K-89,K-73"
K-5972,"Katyayani Growth and Pest Protection Kit (Humic Fluvic)400gm,(3 in 1)100ml,(finish it)100ml",1.265,"K-6400,K-5224"
K-6060,Katyayani Chilli Badhat Kit - Flowering (40-60 days),0.825,"K-5708,K-5565"
G-477,"Katyayani Chillie Protection + Growth Kit (25 - 30 days)(after transplant)-(Nashak(200 gm),bhannat(250 ml),Meta manco(800 gm))",0.495,"K-409,K-217,K-19"
G-486,Katyayani Plant Booster Kit Bhannat ( 250 Ml ) + Mix Micro Nutrients ( 100 Gm ) + Bio Npk Consortia ( 1 Lit ),0.825,"K-5567,K-986,K-58"
K-6286,"Katyayani growth Enhancer Combo 2 - NPK 19 19 19: 1Kg, Gibberellic Acid : 250 ml",11.132,"K-6372,K-6130,K-6129"
K-6065,"Katyayani Moong and Udad Flowering Enhancer Combo - Bloom Booster - 100 ml, Mix Micronutrients -100 gm",5.192,"K-09,K-6130,K-6129"
K-6396,Katyayani HumicHydroBoost Combo (Humic acid 4 kg + Water hold 5 kg),1.375,"K-40,K-52"
K-6429,Katyayani Whitefly Guard Combo (Keechak 250 ml + fantasy plus 250 ml),29.7,"K-6432,K-5806"
K-6431,Katyayani Whitefly Guard Combo (Keechak 250 ml + fantasy plus 250 ml),99,"K-6432,K-5806"
K-6443,Katyayani Mites Free Crop Combo (Ozil 250ml X 1 + K- mite 250 ml),1.98,"K-5416,K-416"
K-6447,Katyayani Borer Defend combo (Ema 19 250ml + K indox 100 ml),1.65,"K-5545,K-5582"
K-6451,Katyayani Kheti Suraksha combo (Trichoderma viride 1 lit X 1+ metarhizium 1lit X 1),1.65,"K-6473,K-6144"
K-6455,Katyayani No Virus Crop Combo (ANTIVURUS 250ml X 2 + THIOXAM 50gm/pouch),1.155,"K-5280,K-5770"
K-6460,"Katyayani No Virus Combo | Special for Moong, chilli , tomato (ANTIVURUS 250ml X 2 + PYRON 250ml X 2)",11,"K-458,K-252"
K-6462,"Katyayani No Virus Combo | Special for Moong, chilli , tomato (ANTIVURUS 250ml X 2 + PYRON 250ml X 2)",0.605,"K-5564,K-6474"
K-6485,Katyayani Smart Growth Combo (seaweed 100ml + Mix micro 10gm + Humic + fulvic acid 10gm),0.22,"K-65,K-409"
K-6488,Katyayani COMBO (NPK 20 20 20 1kg x 1 + SEAWEED EXTRACT 250ml x1 + Vermicompost 950gmx2 ),1.1,"K-65,K-409"
K-6625,Katyayani COMBO(PAPAYA SEED 100gm +VERMICOMPOST 950gmx2 + EPSOM SALT 950gmx1),1.98,"K-982,K-984"
K-6596,Katyayani Garden-to-Plate Tomato Kit(RED CHERRY TOMATO SEED 2500 SEED + VERMICOMPOST 2 kg + SILICA PRO 1 KG ),4.324,"K-02,G-06,K-1192"
K-6658,Katyayani Sugarcane Yield Enhancer Combo (Seaweed Extract - 250ml +Mix Micro - 100gm +Gibberelic Acid - 250ml +Npk 00 52 34 - 1kg),2.64,"K-165,K-975,K-6372"
K-6665,Katyayani Chilli Early Growth Combo - Fantasy 250 ml X 1 + Seaweed 250 ml X 1,10.945,"K-1194,K-5405,K-1107,K-6668,K-5662,K-6669"
K-6676,Katyayani Chilli Complete Protection and Growth Combo - Chakrawarti 100 ml X 1 + Bhannat 250 ml X 1 + All-in-One 100 gm X 1,5.28,"K-5645,K-06,K-52,K-6227"
K-6790,Katyayani Chilli Thrips and Growth Special Combo - Spino 45 50 ml X 1 + Anti-Virus 250 ml X 2 + Pro Grow 250 ml X 1,1.32,"K-6788,K-6241"
K-6838,Katyayani Potato Unnati Soil Kit - NPK Consortia 1 kg x 2 + Trichoderma Viride Bio Fungicide Powder 1 kg x 2 + bhumiraja 4 kg  x1 + vasistha 2.5 kg x1 + mix micro 200 gm x1,1.375,"K-5416,K-5565,K-141"
K-6839,Katyayani Matar Unnati Soil Kit - Trichoderma Viride Bio Fungicide Powder 1 kg x 2 + bhumiraja 4 kg  x1 + vasistha 2.5 kg x1 + mix micro 200 gm x1,0.2574,"K-6041,K-442,K-06"
K-6843,Katyayani Garlic Unnati Soil kit - NPK Consortia 1 kg x 2 + Trichoderma Viride Bio Fungicide Powder 1 kg x 2 + bhumiraja 4 kg  x1 + vasistha 2.5 kg x1 + mix micro 200 gm x1,0.66,"K-6723,K-58,K-06"
K-6864,Katyayani Matar Unnati Organic Kit - Trichoderma Viride Bio Fungicide Powder 1 kg x 2 + bhumiraja 4 kg  x1 + Metarhizium Anisopliae Bio Insecticide Powder 1 kg x 2 +  Humic 1 kg x2,11.77,"K-6892,K-6893,K-5680,K-5592,K-1171"
K-6868,Katyayani Garlic Unnati Organic kit - NPK Consortia 1 kg x 2 + Trichoderma Viride Bio Fungicide Powder 1 kg x 2 + bhumiraja 4 kg  x1 + Metarhizium Anisopliae Bio Insecticide Powder 1 kg x 2 +  Humic 1 kg x2 + Zinc Solubiilizing Bacteria        1 Ltr x 2,17.27,"K-6892,K-6893,K-5680,K-5592,K-1171,K-6891"
K-6869,Katyayani Makka Unnati Organic Kit - NPK Consortia 1 kg x 2 + Trichoderma Viride Bio Fungicide Powder 1 kg x 2 + bhumiraja 4 kg  x1 + Metarhizium Anisopliae Bio Insecticide Powder 1 kg x 2 +  Humic 1 kg x2 + Zinc Solubiilizing Bacteria        1 Ltr x 2,11.77,"K-6892,K-6893,K-5680,K-5592,K-1171"
K-6876,Katyayani Chana Unnati Drip Kit - Trichoderma viride  1 Ltr x 2 + K-Raja 100  gm x1 + Metarhizium Anisopliae liquid  1 Ltr x 2 + Seaweed Extract liquid 1 ltr x1,15.4,"K-6892,K-6893,K-5680,K-6894,K-6902,K-6900"
K-6882,Katyayani Tomato Unnati Drip Kit - Liquid Consortia - Bio NPK  1 Ltr x 2 + Trichoderma viride  1 Ltr x 2 + K-Raja 100  gm x1 + Metarhizium Anisopliae liquid  1 Ltr x 2 + Seaweed Extract liquid1 ltr x1 + mix micro 200 gm x1 Calcium Solubilizing bacteria  1 Ltr x 2,5.61,"K-6896,K-5567,K-6897,K-5475"
K-6884,Katyayani GARLIC INTIAL STAGE COMBO (Fantasy 250 ml x 1 + Samartha 500gm x 1 + Humic Acid 800gm),10.01,"K-6895,K-6896,K-5567,K-6897,K-5475,K-6900"
K-6887,Katyayani GARLIC MITE CONTROL COMBO (K-Mite 250 ml x 1 + Catalyser  100ml x1 )(Pack of 1 x 1),10.23,"K-6895,K-6896,K-5567,K-6897,K-5475,K-1171,K-6898"
K-6993,Katyayani Crop Pro Green combo - seaweed liq - 250 ml X 1 + mix micro nutrient 100gm X 1,2.09,"K-167,K-6023,K-30"
K-6984,Katyayani Garlic - Lahsun Kand Vikas Combo – (Fast 100ml x1 + Boron 20% EDTA 400gm x1),1.21,"K-6227,K-06"
K-7010,Katyayani Cumin- Maahu niyantran combo – (Thioxam 100gm x1 + Pro Grow 250 ml x1),0.55,"K-5803,K-152"
K-7012,Katyayani Activated Humic Acid + Fulvic Acid - 1.2 kg (800 gm +400 gm),0.385,"K-52,K-06"
K-7047,Katyayani Lemar -Tembotrione 42% SC (34.4% w/w) 115ml  + Surfactant 400ml,0.22,"K-317,K-65"
K-7048,Katyayani Lemar -Tembotrione 42% SC (34.4% w/w) 115ml  + Surfactant 400ml,0.385,"K-317,K-58"
K-7056,Katyayani All Vegetable kit (Npk 00 52 34 1kg x 1 + Mix micro 100gm x1 + Pro Grow 250 ML x1),0.515,"K-5187,K-6002"
K-7059,Katyayani Virus Missile Combo - Bhannat - 250 ml x2 + Antivirus - 250 x2,5.15,"K-5187,K-6002"
K-7063,Katyayani Mango post flowering protection Combo - Chakrawarti - 100 ml x 1 + Azozole - 200 ml x 1,1.485,"K-6308,K-06,K-52"
K-7192,Katyayani Chilli thrips & growth kit ( Spino45  50ml x 1 + Bloom Booster  100ml x 1 + Mix micronutrient 100gm x 1,1.21,"K-6241,K-65"
K-7193,Katyayani Chilli whitefly & Leafcurl control kit ( Anti virus 250ml x 2 + Sarvashakti 250ml x 2 + Bhannat 250ml x 1,0.825,"K-141,K-5565"
K-7199,Katyayani Leaf curl Missile Kit ( Bhannat Biostimulant 250ml x 1 + Anti virus 250ml x 2,1.375,"K-6227,K-141"
K-7250,Katyayani PADDY INSECT CONTROL KIT ( Fantastic 4kg x 1 + BPH Super+ 134gm x 1 +  + Chakraveer 30 ml x 2 + Chloda 100 ml x 1,1.485,"K-5224,K-141,K-06"
K-7251,Katyayani PADDY CROP GROWTH KIT ( Fantastic Chlorantranliprole 0.4% w/w GR4kg x 1 + Humic+FULVIC 1 kg x 2 + ZINC SULPHATE 33%1kg x 5,1.1,"K-389,K-1137"
K-7252,Katyayani PADDY GROWTH SPECIAL KIT ( Bhannat Biostimulant 250ml x 2  + Seaweed Extract Liquid 250ml x 1 Nutritious - Triacontanol 0.1% EW  1 Ltr x 1 +  BHUMIRAJA (MYCORRHIZA) 4kg x 1  +  NPK 19 19 19   1 Kg  x 1,1.54,"K-569,K-130,K-31"
K-7271,Katyayani Flowering Booster 5 L ( 250 ML x 20 )  + Mix Micro   (10gm x 1),1.21,"K-5224,K-06"
K-7304,Katyayani Moong and Urad 1st spray Combo (Katyayani EMA 5 100GM x1  + Katyayani Seaweed Extract 250ML x1 + Katyayani Hexa 5 Plus 250ML x2,2.761,"K-22,K-5002"
K-1027,Katyayani Plant Control and Crop Growth Super Combo Pack (For 1 Acre) [Humic Acid + Fulvic Acid + Chlorpyriphos 10 % GR] Enhance Crop Yield - Pack of 2,1.98,"K-403,K-561"
K-5696,Katyayani धान बढ़त किट - वजन बढ़त (70-120 दिन) | katyayani paddy Badhat Kit - Weight gain (70-120 days),3.234,"K-6567,K-5008"
K-5438,Katyayani Onion Crop Super Combo Pack (For 1 Acre) [ Spinosad 45 % sc + Metalaxyl 8 % + Mancozeb 64 % wp] - Pack of 2,1.1825,"K-5309,K-5080,K-5303,K-5302,K-5301,K-931"
K-5756,Katyayani Chickpea Badhat Kit - Yield Booster (70-100 days,9.075,"K-5791,K-533,K-5541"
K-5519,Katyayani PROM 950gm + SEAWEED EXTRACT 250ml + ORGANIC POTASH 950gm + ROCK PHOSPHATE 950gm,1.32,"K-40,K-06,K-30"
K-5947,Katyayani Giberellic Acid with Seaweed Liquid Fertilizer for Plants & Home Garden (Gibberellic 250ml + Seaweed 250ml (Pack of 1)(16.90 OZ)),1.21,"K-462,K-409"
K-5344,"Katyayani Mixed Sunflower Seeds 5 Varieties of Flower Seeds: Velvet Queen Sunflower seeds - 35 seeds/pkt (35 seeds/gram), Sunspot Sunflower seeds - 15 seeds/pkt (15 seeds/gram), Giant Mammoth Sunflower seeds - 15 seeds/pkt, Chocolate Cherry Sunflower seeds - 50 seeds/pkt (40 seeds/gram), Sungold Dwarf Seeds - 40 seeds/pkt (35-40 seeds/gram)",1.155,"K-166,K-06"
K-932,Katyayani Eco Friendly Pest Control Kit - All In One Fungicide(400gm) + Neem Oil (100ml)+ Spino 45 (50ml),1.1132,"K-869,K-5080,K-5303,K-5302,K-5301,K-5311"
G-488,Katyayani Box Blight Kit Bacillus Supp ( 1 Lit ) + Catalyser ( 100 Ml ) + Kzeb ( 400 Gm ),0.12,"G-142,G-125,G-163"
G-489,Katyayani Plant care Insect And Pest Protection Combo Beaveria Bassiana Insecticide Powder (1kg) with 3 in 1 Pesticide (100ml),0.03,"G-127,G-239,G-135"
K-6094,Katyayani Npk 20 20 20 with 2 sample mix micronutrients and organic humic acid,1.1132,"K-6372,K-6130,K-6129"
K-6284,Katyayani Seaweed Extract Liquid 1L + Seaweed Extract Liquid 500ml,3.3396,"K-6372,K-6130,K-6129"
K-6287,"Katyayani Flowering Enhancer Combo - Boron: 200 gms, NPK 13 00 45: 1 kg",22.264,"K-6372,K-6130,K-6129"
K-6398,Katyayani HumicHydroBoost Combo (Humic acid 4 kg + Water hold 5 kg),0.22,"K-65,K-06"
K-6313,Katyayani Whitefly Defense Combo (Pyron 250ml X 2 + apocalypse 100gm),3.245,"K-40,K-5908,K-975,K-5649,K-6558,K-5907,K-5723"
K-6430,Katyayani Whitefly Guard Combo (Keechak 250 ml + fantasy plus 250 ml),49.5,"K-6432,K-5806"
K-6458,Katyayani No Virus Crop Combo (ANTIVURUS 250ml X 2 + THIOXAM 50gm/pouch),2.2,"K-458,K-252"
K-6468,Katyayani Smart Growth Combo (seaweed 100ml + Mix micro 10gm + (Humic + fulvic acid) 10gm),5.5,"K-5564,K-5416"
K-6469,Katyayani Smart Growth Combo (seaweed 100ml + Mix micro 10gm + Humic + fulvic acid 10gm),11,"K-5564,K-5416"
K-6501,Katyayani Nutrients Enhancer Kit COMBO (NPK 13 40 13 1kg x 1 + NPK 00 00 50 x 1 + HUMIC + FULVIC ACID 800gmx2 ),9.1828,"K-24,K-5680,K-336,K-442,K-5971,K-382,K-5754,K-409,K-5753,K-489,K-5551,K-06,K-1395,K-501,K-1266"
K-6580,Katyayani COMBO ( MIX MICRONUTRIENT 100gm x1 + SEAWEED EXTRACT 250ml x1 + FLOWER BOOSTER 250ml x1 ),0.132,"K-6581,K-5002,K-6129"
K-6590,Katyayani Easy Growth Combo(NPK 19 19 19 470 gm + SEAWEED EXTRACT LIQUID 250ml x1 ),3.421,"K-14,K-5645,K-02"
K-6593,Katyayani Greens Boost Kit( NPK 13 40 13 470 gm + Magnesium Sulfate / Epsom salt 1590 gm ),3.3,"K-69,K-109,K-85"
K-6626,Katyayani COMBO(HUMIC + FULVIC ACID 800gmx1 + ZINNA LILLIPUT MIX SEEDS 10gm + NPK 13 40 13 1kgX1,3.96,"K-983,K-985"
K-6627,Katyayani COMBO(VERMICOMPOST 950gmx2 + BALSAM MIX SEEDS 10gm + NPK 13 00 45 1kgX1 ),0.792,"K-39,K-58"
K-6597,Katyayani Three-in-One Veggie COMBO ( squash seeds 100-200 seed + brinjal long 300 seed + califlower 50-60 seed ),3.235,"G-292,K-02,K-165"
K-6600,Katyayani Sunshine & Grass Combo ( Alfalfa Seeds 100 gm + sunflower seeds 100 gm),3.257,"K-02,G-202,K-1192"
K-6601,Katyayani Manure Kit COMBO ( VERMICOMPOST 2 KG + Seaweed 500 gm + organic manure 5 kg),3.235,"K-02,G-292,K-165"
K-6650,Katyayani Bio pest control Kit( triple attack 1 kg + neem oil 250 x2 ml + Finish it 100 ml),7.15,"K-1134,K-59,K-6662"
K-6651,Katyayani Pumpkin Grow It Yourself Kit ( npk 20 20 20 1 kg + Manganese EDTA 12% 500 gm + Red Pumpkin Seeds_Vegitable Seed 100 gm),1.65,"K-219,K-6389,K-5645"
K-6655,Katyayani Microgreen seeds kit (spinach 10gm + fenugreek 10gm + broccoil 10gm + sunflower 10gm + Amaranth Seeds (Chawli Bhaji)_Microgreen Seeds ),1.309,"K-141,K-945,K-5007"
K-6656,Katyayani Pumpkin Lure Kit - Melon Fly Lure( 5 Pac) + Dbm Lure ( 5 Pac ) + Yellow Stick Trap ( 10 Pieces),1.76,"K-5626,K-6659,K-409"
K-6677,Katyayani Chilli Upward Leaf Curl and Growth Combo - Ashwamedh Plus 250 gm X 1 + Anti-Virus 250 ml X 2 + Mix Micro 100 gm X 1,8.8,"K-5645,K-06,K-52,K-6227"
K-6831,Katyayani Chilli White Fly and Flowering Initiation Special Combo - Pyron 250 ml X 2 + Anti-Virus 250 ml X 2 + Bhannat 250 ml X 1,0.55,"K-344,K-58"
K-6835,Katyayani Thrips + Disease + Growth Control Combo for Chilli - Dr. Zole 50 ml X 5 + Outburst 17 ml X 2 + Nutritious 250 ml X 1,1.232,"K-130,K-152,K-5007"
K-6836,Katyayani Post-Picking Growth Combo for Chilli - Nutritious 250 ml X 1 + Seaweed 250 ml X 1 + Mix Micro 100 gm X 1,1.1,"K-6473,K-5565,K-6723"
K-6842,Katyayani Onion Unnati Soil Kit - NPK Consortia 1 kg x 2 + Trichoderma Viride Bio Fungicide Powder 1 kg x 2 + bhumiraja 4 kg  x1 + vasistha 2.5 kg x1 + mix micro 200 gm x1,0.5687,"K-6620,K-6040,K-6723"
K-6863,Katyayani Potato Unnati Organic Kit - NPK Consortia 1 kg x 2 + Trichoderma Viride Bio Fungicide Powder 1 kg x 2 + bhumiraja 4 kg  x1 + Metarhizium Anisopliae Bio Insecticide Powder 1 kg x 2 +  Humic 1 kg x2,11.77,"K-6892,K-6893,K-5680,K-5592,K-1171"
K-6866,Katyayani Wheat Unnati Organic Kit - NPK Consortia 1 kg x 2 + Trichoderma Viride Bio Fungicide Powder 1 kg x 2 + bhumiraja 4 kg  x1 + Metarhizium Anisopliae Bio Insecticide Powder 1 kg x 2 +  Humic 1 kg x2 + Zinc Solubiilizing Bacteria        1 Ltr x 2,17.27,"K-6892,K-6893,K-5680,K-5592,K-1171,K-6891"
K-6871,Katyayani Brinjal Unnati Organic Kit - NPK Consortia 1 kg x 2 + Trichoderma Viride Bio Fungicide Powder 1 kg x 2 + bhumiraja 4 kg  x1 + Metarhizium Anisopliae Bio Insecticide Powder 1 kg x 2 +  Humic 1 kg x2 + Calcium Solubilizing bacteria  1 Ltr x 2,11,"K-6893,K-5680,K-6894,K-6902"
K-6874,Katyayani Potato Unnati Drip Kit - Liquid Consortia - Bio NPK  1 Ltr x 2 + Trichoderma viride  1 Ltr x 2 + K-Raja 100  gm x1 + Metarhizium Anisopliae liquid  1 Ltr x 2 + Seaweed Extract is a liquid 1 ltr x1 + Zinc Solubiilizing Bacteria        1 Ltr x 2,15.4,"K-6892,K-6893,K-5680,K-6894,K-6902,K-6900"
K-6877,Katyayani Makka Unnati Drip Kit - Liquid Consortia - Bio NPK  1 Ltr x 2 + Trichoderma viride  1 Ltr x 2 + K-Raja 100  gm x1 + Metarhizium Anisopliae liquid  1 Ltr x 2 + Seaweed Extract  liquid1 ltr x1 + Zinc Solubiilizing Bacteria        1 Ltr x 2,15.4,"K-6892,K-6893,K-5680,K-6894,K-6902,K-6898"
K-6883,Katyayani Mustard Unnati Drip Kit - Liquid Consortia - Bio NPK  1 Ltr x 2 + Trichoderma viride  1 Ltr x 2 + K-Raja 100  gm x1 + Metarhizium Anisopliae liquid  1 Ltr x 2 + Seaweed Extract liquid1 ltr x1 + mix micro 200 gm x1 Sulphur & Iron Bacteria (CSB) 1 ltr x 2,5.61,"K-6896,K-5567,K-6897,K-5475"
K-6888,Katyayani GARLIC BULB GROWTH COMBO (NPK 00:52:34 + Mix Micronutrients) (1kg x 1+ 100gm  x1) (Pack of 1 x 1),10.23,"K-6895,K-6896,K-5567,K-6897,K-5475,K-1171,K-6898"
K-6890,Katyayani GARLIC BULB GROWTH SPECIAL COMBO (Fast 100 ml x 1 + Mix Micronuutrients 100 gm x 1),10.23,"K-6895,K-6896,K-5567,K-6897,K-5475,K-1171,K-6901"
K-6982,Katyayani GARLIC DEFENCE PRO COMBO (Joker 40 gm x 1 + Azozole 250 ml x 1 + catalyser 100ml x 1 ),1.705,"K-344,K-540,K-24"
K-6985,Katyayani Banana - Banana growth combo  (Accel gro Plus  6gm x1 + Mix Micro 100gm x1),0.429,"K-353,K-577,K-30"
K-6987,Katyayani Sugarcane - SugarCane growth combo – (Pro Grow 250ml x1 + Mix Micro 100gm x1),0.429,"K-1266,K-489,K-30"
K-7009,Katyayani Sugarcane - SugarCane growth combo – (Pro Grow 250ml x1 + Mix Micro 100gm x1),0.55,"K-5803,K-152"
K-7046,Katyayani Lemar -Tembotrione 42% SC (34.4% w/w) 115ml  + Surfactant 400ml,0.5874,"K-6041,K-489,K-141"
K-7049,Katyayani Lemar -Tembotrione 42% SC (34.4% w/w) 115ml  + Surfactant 400ml,0.165,"K-402,K-65"
K-7058,Katyayani Sabji booster Combo - NPK 13:00:45 - 1kg X 1 + Bloom booster 100 - X 1,2.575,"K-5187,K-6002"
K-7060,Katyayani Gram Protection + Growth Combo - SEAWEED - 250ML x 1 + MIX MICRO - 100GM x1 + AZOZOLE - 200ML x 1,6.18,"K-5187,K-6002"
K-7062,Katyayani Jeera dana vikash Combo - NPK 00:52:34  1kg X1+ Bhannat -250ml x 1,0.5082,"K-5755,K-568"
K-7191,Katyayani Pyaaz kheti sooraksha kit - Joker - 40 gm x1 + IMD 70 - 30 gm x1 + Dr Zole - 250 ml x1,0.385,"K-577,K-65"
K-7196,Katyayani Thrips pro control & Flowering Kit ( Joker 40gm x 1 + Imd-70  30gm x 1 + Mix micronutrient 100gm x 1,0.605,"K-58,K-06,K-6689"
K-7197,Katyayani Chilli Mites & Growth Kit ( OZIL  250 ml x 1 + Bhannat 250 ml x 1,0.77,"K-354,K-06,K-5565"
K-7246,Katyayani MANGO SURAKSHA KIT - MANGO HOPPER ( chakrawarti 250ml x 2 + FIX IT 250 ML x 1 + Catalyser  250 ML x 1,0.55,"K-6473,K-141"
K-7247,Katyayani MANGO PEST & MILDEW CONTROL KIT ( Azoxy (Azoxystrobin 23 % sc) 250ml x 2 + IMD 178 - Imidacloprid 17.8 % SL 250ml x 1,0.825,"K-141,K-5565"
K-7257,Katyayani Soil Application Combo (KTM - 250 gm x 2  + Humic Acid  1 kg x 2 + Doctor 505  1 L x 1  ),4.7234,"K-5206,K-1395,K-6152,K-6234"
K-7258,Katyayani MANGO FRUIT SIZE ENHANCER PRO COMBO ( ALL IN ONE 400gm (100gm x 4) + Nutritious 500 Ml (250Ml x 2) + NPK 00 00 50 1kg (1kg x 1),12.1,"K-5206,K-6902,K-5542"
K-7302,Katyayani Krishi Shakti Kit - Mix Micronutrient 100gm x 9 + K-Ortho - Orthosilicic Acid (OSA) 2% 1Ltr x 2 + OUTBURST - Broflanilide 300 G/L SC 17ml x 6 + Ashwamedh (Diafenthiuron 50% WP) 250gm x 4 + Bhannat Biostimulant 250ml x 5 + Humic+FULVIC 1 kg x 7 + AAKRAMAK PLUS (Novaluron 5.25% + Indoxacarb 4.5%) 500ml x 2 + Prodizol (Propiconazole 13.9% + Difenoconazole 13.9%) 250ml x 2,0.561,"K-20,K-5002"
K-7305,Katyayani Moong and Urad 1st spray Combo (Katyayani EMA 5 100GM x1  + Katyayani Seaweed Extract 250ML x1 + Katyayani Hexa 5 Plus 250ML x 3,5.511,"K-23,K-5002"
K-1055,Katyayani Wheat Suraksha Kit - Wilting (Pre Sowing),1.98,"K-388,K-58,K-06"
K-5692,Katyayani All Crop Ultimate Combo Pack (For 1 Acre)[Bio Stimulant + Emamectin benzoate 5 % WG + Mancozeb 75 % WP] Enhance Crop Yield - Pack of 3,0.825,"K-382,K-501,K-6723"
K-5706,Katyayani K - Vermi Combo seaweede,13.42,"K-5680,K-5644,K-561,K-560,K-5891"
K-5707,Katyayani super combo seaweed extract 250ml + additional booster 250ml +100ml,1.21,"K-336,K-344,K-540,K-30"
K-5942,Katyayani Mustard Crop Super Combo Pack (For 1 Acre) [Pymetrozine 50 % wg + Azoxystrobin 18.2 % + difenoconazole 11.4 % SC ] Enhance Crop Yield - Pack of 2,0,"K-5567,K-24"
K-5950,Katyayani Chilli Crop Super Combo Pack (For 1 Acre) [Bhannnat +Katyayani 3 in 1+ All in one Fungicide] Enhance Crop Yield,0.66,"K-5462,K-204"
K-5956,Katyayani MANGO FRUIT SIZE ENHANCER COMBO (Kmycin 30gm + Triacontanol 1 lit + NPK 00 00 50 2kg),4.51,"K-105,K-986,K-5567,K-141,K-06,K-19,K-256,K-470"
K-5958,Katyayani K RAJA(100gm) + MIX MICRO (100gm)+ FLOWER BOOSTER(250ml),4.29,"K-105,K-46,K-59,K-204,K-442"
K-5987,"Katyayani Sugarcan Nutri Kit ( Copper 470g x 1+Magnesium Sulfate / Epsom salt        1kg x 3 + Boron 20% 200gm x 1 + Manganese Sulphate 1kg x 1, zinc edta 12 % 100gm x 1, SULVET - sulphur 80% wdg  1kg x 10)",3.333,"K-6401,K-137,K-6402"
K-1133,Katyayani Garlic Combo (Fast 100ml + Boron 400gm),0.55,"K-52,K-58"
K-1045,#N/A,#N/A,#N/A
K-1040,Katyayani Green Gram Crop Super Combo Pack (For 1 Acre) [Alpha Naphthyl Acetic Acid 4.5% SL + Emamectin benzoate 5 % WG + Propiconazole 13.9 % + Difenoconazole 13.9 % EC] Enhance Crop Yield - Pack of 3,0.605,"K-130,K-217,K-443"
K-5758,Katyayani PSB +kmb +Raizobiyam,1.375,"K-58,K-6372"
K-5695,Katyayani Seaweed and Neem Oil,1.595,"K-5577,K-5568,K-5462"
K-5702,Katyayani paddy Nursery Crop Super Combo Pack (For 1 Acre) Humic Acid + Fulvic Acid + Chakrawarti + Hexa 5% SC] Enhance Crop Yield,1.375,"K-355,K-141,K-6023"
K-5700,Katyayani Wheat Badhat Kit - Yield Booster (70-100 days),1.177,"K-06,K-939,K-59"
K-5338,Katyayani ROCK PHOSPHATE 950gm + MIX MICRONUTRIENTS 100gm,1.144,"K-1131,K-5857"
K-5453,"Katyayani Climbing Flower Seeds Combo 4 types of Climbing Flowers Scarlet Runner Bean seeds (1 gm), Tall Climbing Nasturtium seeds (1 gm), Sweet Pea Seeds (mix) (1 gm), Morning Glory seeds (1 gm)",1.375,"K-69,K-58"
K-5685,Katyayani Onion Badhat Kit - (30-60 days),2.145,"K-141,K-30,K-355"
K-5962,Katyayani Tomato / Chilli / Onion Suraksha Kit - Fungal Infection and Sucking Pests (0-10 days),2.2,"K-5120,K-5119"
G-471,Katyayani Salad Kit - Lettuce ( 10 Gm )+ Broccoli (10 Gm ) + Kale (10 Gm ),2.255,"K-166,K-85,K-5567"
K-5189,Katyayani Gourd Vegetable Kit - Bitter Gourd ( 10 Gm ) + Bottlegourd Seeds (Long)_Vegitable Seed  (10 Gm ) + Ash Gourd (10 Gm ),6.65,"K-5106,K-5127"
K-6131,Katyayani Wheat Badhat Kit - Yield Booster (70-100 days),0.0132,"K-6129,K-6130"
K-934,Katyayani Chillie Protection + Growth Kit (80-100 days)(vegitative)-(mix micronutrients(100 gm) +npk 13:00:45(470 gm)+ seaweed extract(500 ml)),0.88,"K-1328,K-1329"
K-935,Katyayani Mosquito Fogger Kit - 2 In 1 Fogger 1 ltr x 1  + 3 In 1  100ml x 1 + Neem Oil 100 ml x 1,0.88,"K-1326,K-1327"
G-487,Katyayani Trichoderma harzianum Powder fungicide (1kg) + All In one Powder Fungicide (100gm),0.03,"G-113,G-115,G-129"
G-490,Katyayani Wilt Protection Kit Copper Sulphate ( 460 gm x 1 ) + Bacillus Supp ( 1 ltr x 1 ) + Eseential Oxyen + Hydrogen Peroxide ( 100 Ml ),0.04,"G-123,G-131,G-177,G-195"
K-6425,Katyayani Hydroponic Nutrients Tomatoes & Veggies - 400 (Blossom A + B) combo 400ml bottle,0.5632,"K-1157,K-6130,K-6129"
K-6285,"Katyayani Growth Enhancer Combo - Humic Acid: 800 gms, NPK 20 20 20: 200 - 1 KG",5.566,"K-6372,K-6130,K-6129"
K-1071,"Katyayani Super charge 10 nutri combo (NPK 19 19 19 - 1kg, Boron 20% EDTA - 200 gm, Fe-EDTA - 450 gm, Manganese Sulfate - 1kg, Copper EDTA - 100 gm, Zinc EDTA - 100 gm, Ammonium Molybdate - 100 gm)",10.384,"K-09,K-6130,K-6129"
K-60,"Katyayani Ginger Gro Combo - (NPK 13 00 45 - 3 KG, Phosphate Solubilizing Bacteria- 2 lit, Humic + fulvic acid - 800gm, Seaweed extract powder - 450gms, Bhannat 250ml x 2, Epsom salt 950gm, FE EDTA Iron 450 gm, zinc edta 12 % 450gm, Boron edta 400gm, Sulphur 1 kg)",1.65,"K-5475,K-59"
K-6395,Katyayani HumicHydroBoost Combo (Humic acid 4 kg + Water hold 5 kg),1.98,"K-24,K-6372"
K-6397,Katyayani HumicHydroBoost Combo (Humic acid 4 kg + Water hold 5 kg),1.32,"K-5908,K-6241"
K-6411,Katyayani Whitefly Defense Combo (Pyron 250ml X 2 + apocalypse 100gm),11,"K-6292,K-85,K-24,K-51,K-6407,K-165,K-975,K-158,K-152,K-5327"
K-6442,Katyayani Whitefly Guard Combo (Keechak 250 ml + fantasy plus 250 ml),0.66,"K-5416,K-416"
K-6444,Katyayani Mites Free Crop Combo (Ozil 250ml X 1 + K- mite 250 ml),3.3,"K-5416,K-416"
K-6452,Katyayani Kheti Suraksha combo (Trichoderma viride 1 lit X 1+ metarhizium 1lit X 1),2.75,"K-6473,K-6144"
K-6453,Katyayani Kheti Suraksha combo (Trichoderma viride 1 lit X 1+ metarhizium 1lit X 1),5.5,"K-6473,K-6144"
K-6454,Katyayani Kheti Suraksha combo (Trichoderma viride 1 lit X 1+ metarhizium 1lit X 1),0.385,"K-5280,K-5770"
K-6457,Katyayani No Virus Crop Combo (ANTIVURUS 250ml X 2 + THIOXAM 50gm/pouch),3.85,"K-5280,K-5770"
K-6459,"Katyayani No Virus Combo | Special for Moong, chilli , tomato (ANTIVURUS 250ml X 2 + PYRON 250ml X 2)",6.6,"K-458,K-252"
K-6586,Katyayani COMBO (RHIZOBIUM 1lit x1 + VAM 1lit x1 + PSB 1lit x 1 ),0.66,"K-6581,K-5002,K-6129"
K-6587,Katyayani Flowering seeds kit COMBO( Dahlia Seeds_Flowering Seed 10 gm + Zinnia Lilliput Mix Seeds_Flowering Seed 10 gm + vinaca seeds_Flowering Seed 10 gm + Sunflower Sungold Seeds_Flowering Seed 10 gm + Balsam Mix Seeds_Flowering Seed 10 gm + Salvia Blue Seeds_Flowering Seed 10 gm ),1.32,"K-6581,K-5002,K-6129"
K-6588,Katyayani Ph Down and Ph Up 900 ML(Ph Down 900 ML+ Ph Up 900 ML ),2.255,"K-24,K-6372,K-5645"
K-6592,Katyayani Plant Root and growth Booster Kit (Rock Phosphate 950 gm + Prom Organic Fertilizer 950 gm ),0.66,"K-06,K-5645,K-19"
K-6628,Katyayani COMBO(VERMICOMPOST 950gm x 2 + EXOTIC VEGETABLE BUNDLE 100 gm + NPK 19 19 19 ),2.685,"G-264,K-06,K-02,K-1176,K-5830"
K-6629,Katyayani COMBO(VEMICOMPOST 950gm x 2 + PAPAYA SEEDS 100gm + EPSOM SALT950gmX1 ),2.09,"K-166,K-1107"
K-6630,Katyayani COMBO(Tulsi Seeds (Holy Basil)_Herb seeds 10 gm + Vermicompost 1 kg ),2.266,"K-5531,K-870"
K-6649,Katyayani Powerful Plant Growth (bhannat 250 ml + npk 00 00 50 470 gm + Calcium Nitrate 470 gm),0.2,"G-312,G-38"
K-6654,Katyayani Sugarcane Yield Enhancer Combo (Seaweed Extract - 250ml +Mix Micro - 100gm +Gibberelic Acid - 250ml +Npk 00 52 34 - 1kg),2.101,"K-158,K-152,K-869,K-6241"
K-6657,Katyayani Paddy High yield PRO Combo (NUTRICIOUS 200ml + NPK 1 3 00 45 1kg),1.75,"K-6372,K-6664,G-192"
K-6675,Katyayani Chilli Growth and Pest Protection Combo - IMD 30.5 100 ml X 1 + Bhannat 250 ml X 1,1.76,"K-5645,K-06,K-52,K-6227"
K-6682,Katyayani Chilli Pro Protection and Growth Combo - Fix-It 250 ml X 1 + Boron 20% 400 gm X 1 + calcium nitrate 470 gm X 1,0.05,"G-101,G-121,G-239,G-18,G-255"
G-485,Katyayani Chilli Mites and Growth Special Combo - Ozil 250 ml X 1 + Anti-Virus 250 ml X 2 + Nutritious 250 ml X 1,0,"K-909,K-893,K-924"
K-6833,Katyayani Chilli Sucking Pest Pro Control Combo - Triple Attack 1 L X 1 + No Mite (Sporothrix) 1 L X 1 + Catalyser 100 ml X 1,0.495,"K-5774,K-141,K-442"
K-6834,Katyayani Chilli Thrips Powerful Control Combo - IMD 70 30 gm X 1 + Joker 40 gm X 1 + Bloom Booster 100 ml X 1,0.66,"K-5616,K-5564,K-06"
K-6859,Katyayani Chilli Unnati Soil Kit - NPK Consortia 1 kg x 2 + Trichoderma Viride Bio Fungicide Powder 1 kg x 2 + bhumiraja 4 kg  x1 + vasistha 2.5 kg x1 + mix micro 200 gm x1 + Calcium Nitrate 1 kg x 5,11.77,"K-6892,K-6893,K-5680,K-5592,K-1171"
K-6862,Katyayani Mustard Unnati Soil Kit - NPK Consortia 1 kg x 2 + Trichoderma Viride Bio Fungicide Powder 1 kg x 2 + bhumiraja 4 kg  x1 + vasistha 2.5 kg x1 + mix micro 200 gm x1,11.77,"K-6892,K-6893,K-5680,K-5592,K-1171"
K-6867,Katyayani Onion Unnati Organic Kit - NPK Consortia 1 kg x 2 + Trichoderma Viride Bio Fungicide Powder 1 kg x 2 + bhumiraja 4 kg  x1 + Metarhizium Anisopliae Bio Insecticide Powder 1 kg x 2 +  Humic 1 kg x2 + Zinc Solubiilizing Bacteria        1 Ltr x 2,17.27,"K-6892,K-6893,K-5680,K-5592,K-1171,K-6891"
K-6870,Katyayani Chilli Unnati Organic Kit - NPK Consortia 1 kg x 2 + Trichoderma Viride Bio Fungicide Powder 1 kg x 2 + bhumiraja 4 kg  x1 + Metarhizium Anisopliae Bio Insecticide Powder 1 kg x 2 +  Humic 1 kg x2 + Calcium Solubilizing bacteria  1 Ltr x 2,13.2,"K-6892,K-6893,K-5680,K-6894,K-6902"
K-6878,Katyayani Onion Unnati Drip Kit - Liquid Consortia - Bio NPK  1 Ltr x 2 + Trichoderma viride  1 Ltr x 2 + K-Raja 100  gm x1 + Metarhizium Anisopliae liquid  1 Ltr x 2 + Seaweed Extract liquid 1 ltr x1 + Zinc Solubiilizing Bacteria        1 Ltr x 2,15.4,"K-6892,K-6893,K-5680,K-6894,K-6902,K-6898"
K-6879,Katyayani Garlic Unnati Drip Kit - Liquid Consortia - Bio NPK  1 Ltr x 2 + Trichoderma viride  1 Ltr x 2 + K-Raja 100  gm x1 + Metarhizium Anisopliae liquid  1 Ltr x 2 + Seaweed Extract liquid 1 ltr x1 + Zinc Solubiilizing Bacteria        1 Ltr x 2,15.4,"K-6892,K-6893,K-5680,K-6894,K-6902,K-6898"
K-6881,Katyayani Brinjal Unnati Drip Kit - Liquid Consortia - Bio NPK  1 Ltr x 2 + Trichoderma viride  1 Ltr x 2 + K-Raja 100  gm x1 + Metarhizium Anisopliae liquid  1 Ltr x 2 + Seaweed Extract liquid1 ltr x1 + mix micro 200 gm x1 Calcium Solubilizing bacteria  1 Ltr x 2,10.01,"K-6895,K-6896,K-5567,K-6897,K-5475,K-6900"
K-6885,Katyayani GARLIC UNIVERSAL GROWTH COMBO (19:19:19 1kg x 1 + Mix Micronutrients 100gm x 1 + Seaweed 250 ml x 1),10.01,"K-6895,K-6896,K-5567,K-6897,K-5475,K-6900"
K-6886,Katyayani GARLIC PROTECTION COMBO (Propcyp 1 lit x 1  + Meta Manco 400 gm x 1 + Catalyser 100ml  x1),10.01,"K-6895,K-6896,K-5567,K-6897,K-5475,K-6900"
K-6889,Katyayani GARLIC THRIPS PROTECTION COMBO (Nashak 40 gm x1 + Dr Zole 250 ml x 1 + Catalyser 100ml  x1),10.23,"K-6895,K-6896,K-5567,K-6897,K-5475,K-1171,K-6898"
K-6994,Katyayani Onion - Pyaj Kand Vikas Combo – (Fast 100ml x1 + Boron 20% EDTA 400gm x1),0.385,"K-6144,K-30"
K-6996,Katyayani Sugarcane - SugarCane growth combo – (Pro Grow 250ml x1 + Mix Micro 100gm x1),0.825,"K-361,K-5565"
K-6997,Katyayani Sugarcane - SugarCane growth combo – (Pro Grow 250ml x1 + Mix Micro 100gm x1),0.385,"K-52,K-06"
K-7011,Katyayani WHEAT - Bali Vikash combo  (NPK 00:52:34 1kg x1 + Mix Micro 100gm x1),0.1166,"K-6232,K-06"
K-7013,Katyayani All Vegetable Insect Protection and Flowering Kit Spino45 50 ML x 1 + Bloom Booster 100 ML x 1,0.385,"K-5826,K-52"
K-7014,Katyayani Yellow Mosaic and Growth Kit  Antivirus 500 ML x 1 + Pyron 250 ML x 2 + Seaweed 250 ML x 1,1.21,"K-6227,K-06"
K-7050,Katyayani Lemar -Tembotrione 42% SC (34.4% w/w) 115ml  + Surfactant 400ml,1.375,"K-6426,K-5416,K-58"
K-7051,Katyayani Anti Bacterial Kit (Kmycin 6gm x 2 + COC 50 450gm x1),0.55,"K-577,K-6723"
K-7057,Katyayani karela kheti kit - Dr. Zole - 250 ml X 1 + Bloom booster - 100ml X1,1.545,"K-5187,K-6002"
K-7200,Katyayani Chilli Thrips special kit ( OUTBURST 17ml x 2 + Anti virus 250ml x 2 + seaweed Extract liquid 250ml x 1,0.33,"K-5774,K-6689"
K-7244,Katyayani MANGO POST FLOWERING KIT ( chakrawarti 250ml x 2 + Azozole 250 ML x 2,1.375,"K-5565,K-5709,K-141"
K-7259,Katyayani Seed Treatment Kit (DOCTER- THIAMETHOXAM 30% FS - 250 ml x 1 + Neev -Tebuconazole 2% DS - 40 gm x 1,7.15,"K-141,K-58,K-137,K-5680,K-40"
K-7268,Katyayani Flowering Booster 500ml (250ml x 2) + Mix Micro (10gm x 1),0.66,"K-6935,K-141,K-30"
K-7272,Katyayani Flowering Booster 250ml (250ml x 1) + Mix Micro (10gm x 1),3.85,"K-534,K-6902,K-261"
K-7279,Katyayani Krishi Kavach Mega Kit - Humic+FULVIC 1 kg x 5 + EMA5 - Emamectin benzoate 5 % SG 500 gm x 5 + Chakrawarti (Thiamethoxam 12.6 % Lambda Cyhalothrin 9.5 % ZC) 250ml x 5 + Azozole (Azoxystrobin 18.2 % + Difenoconazole 11.4 % SC) 250ml x 5 + Bhannat Biostimulant 250ml x 10 + Nashak (Fipronil 40% + Imidacloprid 40%) 40 gm x 5 + Chakraveer (Chlorantraniliprole 18.5 % SC) 60 ml x 5,2.09,"K-444,K-6723,K-5224"
K-7288,Katyayani Krishi Kavach Mini Kit - Humic+FULVIC 1 kg x 2 + EMA5 - Emamectin benzoate 5 % SG 500gm x 2 + Chakrawarti (Thiamethoxam 12.6 % Lambda Cyhalothrin 9.5 % ZC) 250ml x 2 + Azozole (Azoxystrobin 18.2 % + Difenoconazole 11.4 % SC) 250ml x 3 + Bhannat Biostimulant 250ml x 5 + Nashak (Fipronil 40% + Imidacloprid 40%) 40 gm x 3 + Chakraveer (Chlorantraniliprole 18.5 % SC) 60 ml x 3,0.319,"K-6272,K-5689"
K-7303,Katyayani Moong and Urad 1st spray Combo (Katyayani EMA 5 100GM x1  + Katyayani Seaweed Extract 250ML x1 + Katyayani Hexa 5 Plus 250ML x1,1.111,"K-21,K-5002"
K-7306,Katyayani Moong and Urad 1st spray Combo (Katyayani EMA 5 100GM x1  + Katyayani Seaweed Extract 250ML x1 + Katyayani Hexa 5 Plus 250ML x4,0.286,"K-19,K-5002"
G-478,Katyayani 3 IN 1(100ml) + BLOOM BOOSTER(100ml) + CATALAYSER(250ml),1.32,"K-5151,K-5567,K-1298"
K-6841,Katyayani Wheat Unnati Soil Kit - NPK Consortia 1 kg x 2 + Trichoderma Viride Bio Fungicide Powder 1 kg x 2 + bhumiraja 4 kg  x1 + vasistha 2.5 kg x1 + mix micro 200 gm x1,0.187,"K-176,K-1266,K-65"
K-7254,Katyayani Watermelon Suraksha Combo (IMD 178 - 100 ml x 1 + Dr. Blight - 250 ml x 2 + Nutritious - 250 ml x 1 ),0.825,"K-7241,K-336"
K-6652,Katyayani Potting Mix (vermicompost 5kg + bio npk consortia powder 1 kg + Prom 950 gm + organic carbon 500 gm+ organic manure 2 kg + silica pro 500 gm),3.025,"K-24,K-6661,K-158,K-6660,"
K-7255,Katyayani Flowering & Fruiting Pro Combo(npk 12:61:00 - 1 kg x 1  + Bhannat - 250 ml x 1  + Calcium Nitrate - 470 gm x 1+  Boron 20% EDTA - 400 gm x 1 ),6.567,"K-130,K-7163,K-6725,K-7148,K-6402,K-165,K-7242"
K-7270,Katyayani Flowering Booster 2.5 L ( 250 ML x 10 ) + Mix Micro   (10gm x 1),2.332,"K-5971,K-141,K-5007,K-7274"
K-7320,Katyayani Sugarcane Advance Growth Combo (Bhannat 250 ml x 1 + NPK 00 52 34 1kg x 1 ),14.3,"K-1200,K-5428,K-388,K-489,K-141,K-353,K-1359"
K-7321,Katyayani Sugarcane Advance Growth Combo (Bhannat 250 ml x 1 + NPK 00 52 34 1kg x 1 ),6.38,"K-1200,K-5428,K-388,K-489,K-141,K-353,K-1359"
K-7322,Katyayani Sugarcane Advance Growth Combo (Bhannat 250 ml x 1 + NPK 00 52 34 1kg x 1 ),15.1272,"K-06,K-5358,K-6040,K-361,K-141,K-1200,K-5730,K-501"
K-7344,Katyayani Activated Humic Acid + Fulvic Acid - 2 kg (800 gm x2 +400 gm),0.77,"K-52,K-06"
K-7336,Katyayani Sugarcane Advance Growth Combo (Bhannat 250 ml x 1 + NPK 00 52 34 1kg x 1 ),0.66,"K-317,K-58,K-6367"
K-5928,Katyayani All Crop Ultimate Combo Pack (For 1 Acre)[Katyayani 3 in 1 + All in one Fungicide],0.55,"K-5803,K-152"
K-7445,Katyayani Paddy Stater KIT(Neev (Tebuconazole 2% DS ) 40 gm x 25 + Thiamethoxam 30% FS - Docter 250 ml x 12  + Zinc sulphate  5 kg x 5 + Humic+FULVIC400 gm x 5  + Garuda ( Bispyribac Sodium 10 % SC )100 ml x 10,2.706,"K-1359,K-317,K-24,K-388,K-141,K-5142"
K-7338,Katyayani Onion - Pyaj Kand Vikas Combo – (Fast 100ml x1 + Boron 20% EDTA 400gm x1),3.3,"K-317,K-58,K-6367"
K-5452,Katyayani Gibberelic ACID 0.001% 250ml + HOMOBRASSINOLIDE 0.04% 100ml,1.76,"K-1326,K-1327,K-1328,K-1329"
K-5131,Katyayani Root Enhancer Kit - K-Raja ( 100 Gm ) + Humic (400 Gm )+ Seaweed (500 Ml ),1.33,"K-5106,K-5127"
K-5188,Katyayani Anti Virus Kit (Sarvashakti 250ml + Anti Virus 500ml(250ml x 2)),3.99,"K-5106,K-5127"
G-492,Katyayani Rust And Spot Protection Kit Boost ( 250 Ml ) + All In One Fungicide ( 100 Gm ) + Neem Oil ( 100 Ml ),1.32,"K-350,K-217,K-7216"
G-493,Katyayani Terrace Garden Protection Kit Bt Bio Larvicide ( 500 Gm Or 1 Kg ) + 3 In 1 ( 500 Ml ) + Triple Attack ( 1 Lit ),0.605,"K-444,K-7216,K-402"
G-494,"Katyayani Selective Pest Protection kit (decompost activator) 1L,(VBM)1 KG,(Nematode +)1 KG",2.31,"K-256,K-7216,K-420"
G-496,Katyayani Sweet Corn Growth Kit (Acetobacter (1 Lit ) + Sweet Corn Seed( 5 Pack ) + Humic Acid ( 400 Gm ),0,#N/A
G-497,Katyayani Npk 20 20 20 with 2 sample mix micronutrients and organic humic acid,1.485,"K-244,K-6659,K-1245"
G-498,"Katyayani Canadian Wildflower Seed Mix 19 Beautiful Varieties Portulaca Mix Seeds (1 gm), Chrysanthemum Mix Seeds (1 gm), Dahlia Seeds (1 gm), Petunia Mix Seeds (1 gm), cosmos mix seeds (1 gm), Mesembryanthemum Mix Seeds (1 gm), Marigold French Seeds (1 gm), Zinnia Lilliput Mix Seeds (1 gm), vinaca seeds (1 gm), Sunflower Sungold Seeds (1 gm), Balsam Mix Seeds (1 gm), Salvia Blue Seeds (1 gm), Zinnia Double Mix Seeds (1 gm), Morning Glory seeds/ ipomoea (1 gm), Dianthus Mix Seeds (1 gm), Carnation Seeds (1 gm), Calendula Seeds (1 gm), Aster Mix Seeds (1 gm), RED SELVIA SEEDS (1 gm)",0,"K-06,K-5079,"
G-499,Katyayani Npk 20 20 20 with 2 sample mix micronutrients and organic humic acid,1.485,"K-141,K-06,K-105"
G-501,Katyayani Npk 20 20 20 with 2 sample mix micronutrients and organic humic acid,1.65,"K-478,K-30,K-560"
G-502,Katyayani Npk 20 20 20 with 2 sample mix micronutrients and organic humic acid,0,"K-1272,K-478"
G-503,Katyayani Npk 20 20 20 with 2 sample mix micronutrients and organic humic acid,0.495,"K-433,K-442,K-7216"
K-7345,Katyayani All Vegetable Kit  Outburst 17 ML x 2 + Azozole 250 ML  x 1 + Bhannat 250 ML x 1,1.155,"K-52,K-06"
K-7346,Katyayani All Legume Crops Kit  EMA 5 100 GM  x 1 + Bloom Booster 100 ML x 1,1.925,"K-52,K-06"
K-7347,Katyayani Maize Borers & Growth Combo Kit  EMA 5 100 GM x 1 + Seaweed 250 ML x 1,3.85,"K-52,K-06"
K-7337,Katyayani Onion - Pyaj Kand Vikas Combo – (Fast 100ml x1 + Boron 20% EDTA 400gm x1),1.98,"K-317,K-58,K-6367"
K-7339,Katyayani Onion - Pyaj Kand Vikas Combo – (Fast 100ml x1 + Boron 20% EDTA 400gm x1),6.6,"K-317,K-58,K-6367"
K-7340,Katyayani Onion - Pyaj Kand Vikas Combo – (Fast 100ml x1 + Boron 20% EDTA 400gm x1),1.375,"K-141,K-6227"
K-7341,Katyayani Moong and Urad 2nd spray Combo (Chakraveer 60ml x 1  + bloom booster 100ml x 1 ),4.125,"K-141,K-6227"
K-7342,Katyayani Moong and Urad 2nd spray Combo (Chakraveer 60ml x 1  + bloom booster 100ml x 1 ),6.875,"K-141,K-6227"
K-7343,Katyayani Moong and Urad 2nd spray Combo (Chakraveer 60ml x 1  + bloom booster 100ml x 1 ),13.75,"K-141,K-6227"
K-7352,Katyayani Moong and Urad 2nd spray Combo (Chakraveer 60ml x 1  + bloom booster 100ml x 1 ),1.1,"K-5803,K-7274"
K-7353,Katyayani Moong and Urad 2nd spray Combo (Chakraveer 60ml x 1  + bloom booster 100ml x 1 ),1.65,"K-5803,K-7274"
K-7354,Katyayani Maha Bachat Kit Chakraveer [Chlorantraniliprole 18.5 % SC 60 ml x 1 + EMA5 - Emamectin benzoate 5 % SG  100gm x 1 + Humic+FULVIC  800gm x 1 + chakrawarti (Thiamethoxam 12.6 % lambda cyhalothrin 9.5 % zc) 250ml x 1 + Bhannat Biostimulan 250ml x 1 + Trichoderma Viride Bio Fungicide Powder 1kg x 1],2.75,"K-5803,K-7274"
K-7355,"Katyayani Cotton soil treatment combo, NPK Consortia 1 kg x 2 + BHUMIRAJA (MYCORRHIZA) 4kg x 1  + Trichoderma viride Bio 1kg x 2",5.5,"K-5803,K-7274"
K-7426,"Katyayani Cotton soil treatment combo, NPK Consortia 1 kg x 2 + BHUMIRAJA (MYCORRHIZA) 4kg x 1  + Trichoderma viride Bio 1kg x 2",0.176,"K-1359,K-65"
K-7427,"Katyayani Cotton soil treatment combo, NPK Consortia 1 kg x 2 + BHUMIRAJA (MYCORRHIZA) 4kg x 1  + Trichoderma viride Bio 1kg x 2",0.528,"K-1359,K-65"
K-7428,"Katyayani Cotton soil treatment combo, NPK Consortia 1 kg x 2 + BHUMIRAJA (MYCORRHIZA) 4kg x 1  + Trichoderma viride Bio 1kg x 2",0.88,"K-1359,K-65"
K-7429,Katyayani PADDY CROP PROTECTION KIT(Flubendiamide 39.35 % sc – Fluben 30 ml x 25 + BPH Super (Pymetrozine 50 % wg) 150 gm x 15 + Azozole (Azoxystrobin 18.2 % + difenoconazole 11.4 % SC) 250 ml x 20 + Plantivo - Tebuconazole 50% + Trifloxystrobin 25% WG 100 gm x 20  + Boost (Propiconazole 25 % EC) 250 ml x 20,1.76,"K-1359,K-65"
K-7434,Katyayani GROWTH BOOSTER KIT( npk 19 19 19 1 kg x 10 + Seaweed Extract Liquid 500 ml x 10 + zinc edta 12 % 450 gm x 10  + Bhumiraja 4 kg x 5,0.352,"K-1359,K-65"
K-7561,Katyayani Ferrous 12%,35.1,"K-5689,K-304,K-5767,K-986,K-599"
K-7560,Katyayani Copper Sulphate Kg,43.45,"K-40,K-59,K-158,K-5680"
K-7559,Katyayani Calcium Nitrate Kg,16.5,"K-1249,K-5753,K-489,K-1387,K-433"
