order_name,payment_status
KSK-58784,pending
KSK-58757,paid
KSK-58772,pending
KSK-58782,pending
KSK-58747,paid
KSK-58763,pending
KSK-58773,pending
KSK-58714,pending
KSK-58786,pending
KSK-58771,pending
KSK-58804,pending
KSK-58770,paid
KSK-58729,pending
KSK-58762,paid
KSK-58730,pending
KSK-58753,pending
KSK-58750,pending
KSK-58776,paid
KSK-58725,pending
KSK-58760,paid
KSK-58727,pending
KSK-58793,pending
KSK-58792,paid
KSK-58719,paid
KSK-58796,pending
KSK-58726,pending
KSK-58767,pending
KSK-58740,pending
KSK-58766,pending
KSK-58765,paid
KSK-58777,pending
KSK-58758,pending
KSK-58774,pending
KSK-58732,pending
KSK-58754,paid
KSK-58769,paid
KSK-58791,pending
KSK-58768,pending
KSK-58801,pending
KSK-58711,paid
KSK-58761,pending
KSK-58728,pending
KSK-58748,pending
KSK-58715,pending
KSK-58778,pending
KSK-58764,pending
KSK-58720,pending
KSK-58716,paid
KSK-58785,pending
KSK-58755,pending
KSK-58790,pending
KSK-58718,pending
KSK-58756,pending
KSK-58746,pending
KSK-58794,pending
KSK-58710,pending
KSK-58722,pending
KSK-58741,pending
KSK-58737,pending
KSK-58738,paid
KSK-58742,pending
KSK-58795,pending
KSK-58780,pending
KSK-58787,pending
KSK-58752,pending
KSK-58744,pending
KSK-58749,pending
KSK-58788,pending
KSK-58775,pending
KSK-58799,pending
KSK-58797,pending
KSK-58783,pending
KSK-58751,paid
KSK-58789,pending
KSK-58802,pending
KSK-58800,pending
KSK-58739,pending
KSK-58735,pending
KSK-58723,pending
KSK-58724,paid
KSK-58803,pending
KSK-58733,pending
KSK-58717,pending
KSK-58743,pending
KSK-58708,paid
KSK-58736,pending
KSK-58759,pending
KSK-58745,pending
KSK-58798,pending
KSK-58734,pending
KSK-58781,pending
KSK-58709,paid
KSK-58731,pending
KSK-58779,paid
KSK-58712,pending
KSK-58713,pending
KSK-58721,pending
KSK-58707,pending
KSK-58696,pending
KSK-58691,pending
KSK-58645,pending
KSK-58621,paid
KSK-58668,pending
KSK-58643,pending
KSK-58653,pending
KSK-58692,pending
KSK-58632,pending
KSK-58704,pending
KSK-58633,pending
KSK-58635,pending
KSK-58656,pending
KSK-58662,pending
KSK-58640,pending
KSK-58672,pending
KSK-58659,pending
KSK-58646,pending
KSK-58655,pending
KSK-58681,pending
KSK-58652,paid
KSK-58617,paid
KSK-58673,pending
KSK-58684,pending
KSK-58630,pending
KSK-58671,pending
KSK-58651,pending
KSK-58641,pending
KSK-58623,pending
KSK-58706,pending
KSK-58661,paid
KSK-58658,pending
KSK-58693,pending
KSK-58670,pending
KSK-58650,pending
KSK-58705,pending
KSK-58700,paid
KSK-58629,paid
KSK-58620,pending
KSK-58628,pending
KSK-58675,pending
KSK-58665,pending
KSK-58686,paid
KSK-58698,pending
KSK-58622,pending
KSK-58625,pending
KSK-58619,pending
KSK-58687,pending
KSK-58639,pending
KSK-58626,pending
KSK-58654,pending
KSK-58648,pending
KSK-58667,pending
KSK-58627,pending
KSK-58631,paid
KSK-58688,pending
KSK-58694,pending
KSK-58669,pending
KSK-58679,pending
KSK-58634,pending
KSK-58697,pending
KSK-58682,pending
KSK-58624,pending
KSK-58701,pending
KSK-58649,pending
KSK-58689,pending
KSK-58702,pending
KSK-58664,pending
KSK-58678,paid
KSK-58636,pending
KSK-58637,paid
KSK-58676,pending
KSK-58666,pending
KSK-58644,pending
KSK-58642,pending
KSK-58695,pending
KSK-58618,pending
KSK-58663,pending
KSK-58674,paid
KSK-58680,pending
KSK-58703,pending
KSK-58690,pending
KSK-58677,pending
KSK-58699,pending
KSK-58638,paid
KSK-58647,pending
KSK-58685,pending
KSK-58657,pending
KSK-58660,pending
KSK-58683,pending
