comboSku,status
K-1055,Updated Successfully
K-1060,Updated Successfully
K-5701,Updated Successfully
K-5707,Updated Successfully
K-5341,Updated Successfully
K-5450,Updated Successfully
K-5705,Updated Successfully
K-5342,Updated Successfully
K-5943,Updated Successfully
K-5947,Updated Successfully
K-5339,Updated Successfully
K-5860,Updated Successfully
K-5685,Updated Successfully
K-5972,Updated Successfully
K-1404,Updated Successfully
G-495,Updated Successfully
K-6430,Updated Successfully
K-6444,Updated Successfully
K-6447,Updated Successfully
K-6454,Updated Successfully
K-6457,Updated Successfully
K-6461,Updated Successfully
K-6464,Updated Successfully
K-6466,Updated Successfully
K-6469,Updated Successfully
K-6485,Updated Successfully
K-6501,Updated Successfully
K-6587,Updated Successfully
K-6588,Updated Successfully
K-6589,Updated Successfully
K-6629,Updated Successfully
K-6596,Updated Successfully
K-6597,Updated Successfully
K-6649,Updated Successfully
K-6837,Updated Successfully
K-6838,Updated Successfully
K-6864,Updated Successfully
K-6867,Updated Successfully
K-6870,Updated Successfully
K-6871,Updated Successfully
K-6873,Updated Successfully
K-6874,Updated Successfully
K-6875,Updated Successfully
K-6878,Updated Successfully
K-6889,Updated Successfully
K-6993,Updated Successfully
K-7011,Updated Successfully
K-7050,Updated Successfully
K-7056,Updated Successfully
K-7057,Updated Successfully
K-7061,Updated Successfully
K-7062,Updated Successfully
K-7063,Updated Successfully
K-7246,Updated Successfully
K-7247,Updated Successfully
K-7249,Updated Successfully
K-7271,Updated Successfully
K-7272,Updated Successfully
K-7305,Updated Successfully
K-1027,Updated Successfully
K-1054,Updated Successfully
K-5692,Updated Successfully
K-5958,Updated Successfully
K-1133,Updated Successfully
K-5906,Updated Successfully
K-5316,Updated Successfully
K-5431,Updated Successfully
K-5438,Updated Successfully
K-1040,Updated Successfully
K-5693,Updated Successfully
K-5702,Updated Successfully
K-5698,Updated Successfully
K-5519,Updated Successfully
K-5340,Updated Successfully
K-5338,Updated Successfully
K-1119,Updated Successfully
G-471,Updated Successfully
K-5189,Updated Successfully
G-489,Updated Successfully
K-6285,Updated Successfully
K-6065,Updated Successfully
K-6132,Updated Successfully
K-60,Updated Successfully
K-6397,Updated Successfully
K-6428,Updated Successfully
K-6431,Updated Successfully
K-6443,Updated Successfully
K-6445,Updated Successfully
K-6446,Updated Successfully
K-6449,Updated Successfully
K-6450,Updated Successfully
K-6451,Updated Successfully
K-6455,Updated Successfully
K-6458,Updated Successfully
K-6462,Updated Successfully
K-6463,Updated Successfully
K-6467,Updated Successfully
K-6468,Updated Successfully
K-6486,Updated Successfully
K-6488,Updated Successfully
K-6592,Updated Successfully
K-6593,Updated Successfully
K-6624,Updated Successfully
K-6599,Updated Successfully
K-6663,Updated Successfully
K-6658,Updated Successfully
K-6657,Updated Successfully
K-6665,Updated Successfully
K-6675,Updated Successfully
K-6682,Updated Successfully
G-485,Updated Successfully
K-6790,Updated Successfully
K-6834,Updated Successfully
K-6836,Updated Successfully
K-6839,Updated Successfully
K-6860,Updated Successfully
K-6862,Updated Successfully
K-6865,Updated Successfully
K-6868,Updated Successfully
K-6869,Updated Successfully
K-6882,Updated Successfully
K-6886,Updated Successfully
K-6887,Updated Successfully
K-6982,Updated Successfully
K-6994,Updated Successfully
K-6986,Updated Successfully
K-7009,Updated Successfully
K-7010,Updated Successfully
K-7012,Updated Successfully
K-7014,Updated Successfully
K-7043,Updated Successfully
K-7044,Updated Successfully
K-7047,Updated Successfully
K-7058,Updated Successfully
K-7191,Updated Successfully
K-7199,Updated Successfully
K-7201,Updated Successfully
K-7245,Updated Successfully
K-7248,Updated Successfully
K-7250,Updated Successfully
K-7252,Updated Successfully
K-7253,Updated Successfully
K-7257,Updated Successfully
K-7304,Updated Successfully
K-5691,Updated Successfully
K-5696,Updated Successfully
K-5699,Updated Successfully
K-5706,Updated Successfully
K-5950,Updated Successfully
K-5951,Updated Successfully
K-5955,Updated Successfully
K-5964,Updated Successfully
K-5987,Updated Successfully
K-5758,Updated Successfully
K-5695,Updated Successfully
K-5944,Updated Successfully
K-5453,Updated Successfully
G-461,Updated Successfully
K-6131,Updated Successfully
K-934,Updated Successfully
K-935,Updated Successfully
K-932,Updated Successfully
G-487,Updated Successfully
G-488,Updated Successfully
G-490,Updated Successfully
G-504,Updated Successfully
K-6425,Updated Successfully
K-6287,Updated Successfully
K-6395,Updated Successfully
K-6398,Updated Successfully
K-6399,Updated Successfully
K-6313,Updated Successfully
K-6411,Updated Successfully
K-6448,Updated Successfully
K-6456,Updated Successfully
K-6460,Updated Successfully
K-6465,Updated Successfully
K-6487,Updated Successfully
K-6586,Updated Successfully
K-6591,Updated Successfully
K-6625,Updated Successfully
K-6627,Updated Successfully
K-6628,Updated Successfully
K-6630,Updated Successfully
K-6650,Updated Successfully
K-6653,Updated Successfully
K-6656,Updated Successfully
K-6676,Updated Successfully
K-6677,Updated Successfully
K-6832,Updated Successfully
K-6835,Updated Successfully
K-6840,Updated Successfully
K-6842,Updated Successfully
K-6844,Updated Successfully
K-6877,Updated Successfully
K-6880,Updated Successfully
K-6883,Updated Successfully
K-6885,Updated Successfully
K-6983,Updated Successfully
K-6987,Updated Successfully
K-6997,Updated Successfully
K-7046,Updated Successfully
K-7048,Updated Successfully
K-7049,Updated Successfully
K-7051,Updated Successfully
K-7059,Updated Successfully
K-7192,Updated Successfully
K-7196,Updated Successfully
K-5968,Updated Successfully
K-5942,Updated Successfully
K-5956,Updated Successfully
K-5954,Updated Successfully
K-1045,Updated Successfully
K-5756,Updated Successfully
K-5700,Updated Successfully
K-5343,Updated Successfully
K-5344,Updated Successfully
K-5346,Updated Successfully
K-5962,Updated Successfully
K-6060,Updated Successfully
G-477,Updated Successfully
K-933,Updated Successfully
G-486,Updated Successfully
K-6094,Updated Successfully
K-6284,Updated Successfully
K-6286,Updated Successfully
K-1071,Updated Successfully
K-6396,Updated Successfully
K-6429,Updated Successfully
K-6442,Updated Successfully
K-6452,Updated Successfully
K-6453,Updated Successfully
K-6459,Updated Successfully
K-6580,Updated Successfully
K-6590,Updated Successfully
K-6626,Updated Successfully
K-6598,Updated Successfully
K-6600,Updated Successfully
K-6601,Updated Successfully
K-6645,Updated Successfully
K-6648,Updated Successfully
K-6651,Updated Successfully
K-6654,Updated Successfully
K-6655,Updated Successfully
K-6831,Updated Successfully
K-6833,Updated Successfully
K-6843,Updated Successfully
K-6859,Updated Successfully
K-6861,Updated Successfully
K-6863,Updated Successfully
K-6866,Updated Successfully
K-6872,Updated Successfully
K-6876,Updated Successfully
K-6879,Updated Successfully
K-6881,Updated Successfully
K-6884,Updated Successfully
K-6888,Updated Successfully
K-6890,Updated Successfully
K-6984,Updated Successfully
K-6985,Updated Successfully
K-6996,Updated Successfully
K-7013,Updated Successfully
K-7060,Updated Successfully
K-7193,Updated Successfully
K-7243,Updated Successfully
K-7256,Updated Successfully
K-7258,Updated Successfully
K-7259,Updated Successfully
K-7302,Updated Successfully
K-7197,Updated Successfully
K-7200,Updated Successfully
K-7244,Updated Successfully
K-7251,Updated Successfully
K-7268,Updated Successfully
K-7269,Updated Successfully
K-7279,Updated Successfully
K-7288,Updated Successfully
K-7303,Updated Successfully
K-7306,Updated Successfully
G-478,Updated Successfully
K-6841,Updated Successfully
K-7254,Updated Successfully
K-6652,Updated Successfully
K-7255,Updated Successfully
K-7270,Updated Successfully
K-7320,Updated Successfully
K-7321,Updated Successfully
K-7322,Updated Successfully
K-7344,Updated Successfully
K-7336,Updated Successfully
K-5928,Updated Successfully
K-7445,Updated Successfully
K-7338,Updated Successfully
K-5452,Updated Successfully
K-5131,Updated Successfully
K-5188,Updated Successfully
G-492,Updated Successfully
G-493,Updated Successfully
G-494,Updated Successfully
G-496,Updated Successfully
G-497,Updated Successfully
G-498,Updated Successfully
G-499,Updated Successfully
G-501,Updated Successfully
G-502,Updated Successfully
G-503,Updated Successfully
K-7345,Updated Successfully
K-7346,Updated Successfully
K-7347,Updated Successfully
K-7337,Updated Successfully
K-7339,Updated Successfully
K-7340,Updated Successfully
K-7341,Updated Successfully
K-7342,Updated Successfully
K-7343,Updated Successfully
K-7352,Updated Successfully
K-7353,Updated Successfully
K-7354,Updated Successfully
K-7355,Updated Successfully
K-7426,Updated Successfully
K-7427,Updated Successfully
K-7428,Updated Successfully
K-7429,Updated Successfully
K-7434,Updated Successfully
K-7561,Updated Successfully
K-7560,Updated Successfully
K-7559,Updated Successfully